{"cameraMode":{"drawMode":0,"name":"Shaded","section":"Shading Mode"},"sceneLighting":false,"audioPlay":false,"sceneViewState":{"showFog":true,"showMaterialUpdate":false,"showSkybox":false,"showFlares":true,"showImageEffects":true,"showParticleSystems":true,"showVisualEffectGraphs":true,"m_FxEnabled":true},"in2DMode":false,"pivot":{"x":-30.06517791748047,"y":-17.703821182250978,"z":19.051496505737306},"rotation":{"x":0.17371314764022828,"y":-0.46492722630500796,"z":0.09358108788728714,"w":0.8631361722946167},"size":33.541019439697269,"orthographic":false}