{"cameraMode":{"drawMode":0,"name":"Shaded","section":"Shading Mode"},"sceneLighting":false,"audioPlay":false,"sceneViewState":{"showFog":true,"showMaterialUpdate":false,"showSkybox":false,"showFlares":true,"showImageEffects":true,"showParticleSystems":true,"showVisualEffectGraphs":true,"m_FxEnabled":true},"in2DMode":false,"pivot":{"x":-14.499972343444825,"y":-24.995290756225587,"z":-21.338205337524415},"rotation":{"x":-0.0018263516249135137,"y":0.9666798710823059,"z":-0.25602924823760989,"w":-0.006965554319322109},"size":34.244239807128909,"orthographic":false}