{"cameraMode":{"drawMode":0,"name":"Shaded","section":"Shading Mode"},"sceneLighting":false,"audioPlay":false,"sceneViewState":{"showFog":true,"showMaterialUpdate":false,"showSkybox":false,"showFlares":true,"showImageEffects":true,"showParticleSystems":true,"showVisualEffectGraphs":true,"m_FxEnabled":true},"in2DMode":false,"pivot":{"x":0.7683048844337463,"y":-41.76579284667969,"z":-20.186931610107423},"rotation":{"x":0.0017562704160809517,"y":0.8778955936431885,"z":-0.4790382981300354,"w":0.0031460446771234276},"size":33.94572830200195,"orthographic":false}