{"cameraMode":{"drawMode":0,"name":"Shaded","section":"Shading Mode"},"sceneLighting":false,"audioPlay":false,"sceneViewState":{"showFog":true,"showMaterialUpdate":false,"showSkybox":false,"showFlares":true,"showImageEffects":true,"showParticleSystems":true,"showVisualEffectGraphs":true,"m_FxEnabled":true},"in2DMode":false,"pivot":{"x":6.818100929260254,"y":1.454918384552002,"z":8.072312355041504},"rotation":{"x":-0.11614307016134262,"y":-0.030126238241791726,"z":0.0028807963244616987,"w":-0.9930302500724793},"size":14.065267562866211,"orthographic":false}