{"cameraMode":{"drawMode":0,"name":"Shaded","section":"Shading Mode"},"sceneLighting":false,"audioPlay":false,"sceneViewState":{"showFog":true,"showMaterialUpdate":false,"showSkybox":false,"showFlares":true,"showImageEffects":true,"showParticleSystems":true,"showVisualEffectGraphs":true,"m_FxEnabled":true},"in2DMode":false,"pivot":{"x":-0.9899368286132813,"y":-6.0552144050598148,"z":26.719255447387697},"rotation":{"x":0.14968472719192506,"y":-0.5754520893096924,"z":0.10812442004680634,"w":0.7967777848243713},"size":33.541019439697269,"orthographic":false}