{"cameraMode":{"drawMode":0,"name":"Shaded","section":"Shading Mode"},"sceneLighting":true,"audioPlay":false,"sceneViewState":{"showFog":true,"showMaterialUpdate":false,"showSkybox":true,"showFlares":true,"showImageEffects":true,"showParticleSystems":true,"showVisualEffectGraphs":true,"m_FxEnabled":true},"in2DMode":false,"pivot":{"x":-5.301085948944092,"y":4.1370134353637699,"z":970.5936279296875},"rotation":{"x":-0.006886287126690149,"y":0.08927781879901886,"z":-0.0005782168009318411,"w":-0.9960517287254334},"size":3.952054738998413,"orthographic":false}