{"cameraMode":{"drawMode":0,"name":"Shaded","section":"Shading Mode"},"sceneLighting":false,"audioPlay":false,"sceneViewState":{"showFog":true,"showMaterialUpdate":false,"showSkybox":false,"showFlares":true,"showImageEffects":true,"showParticleSystems":true,"showVisualEffectGraphs":true,"m_FxEnabled":true},"in2DMode":false,"pivot":{"x":-1.459816575050354,"y":-15.047266006469727,"z":4.901210784912109},"rotation":{"x":0.7046534419059753,"y":-0.010859405621886254,"z":0.010849720798432827,"w":0.7097277045249939},"size":14.065267562866211,"orthographic":false}