{"cameraMode":{"drawMode":0,"name":"Shaded","section":"Shading Mode"},"sceneLighting":false,"audioPlay":false,"sceneViewState":{"showFog":true,"showMaterialUpdate":false,"showSkybox":false,"showFlares":true,"showImageEffects":true,"showParticleSystems":true,"showVisualEffectGraphs":true,"m_FxEnabled":true},"in2DMode":false,"pivot":{"x":4.2993292808532719,"y":-15.083962440490723,"z":-43.999305725097659},"rotation":{"x":-0.22306135296821595,"y":0.41919848322868349,"z":-0.10691316425800324,"w":-0.8737380504608154},"size":25.026409149169923,"orthographic":false}