{"cameraMode":{"drawMode":0,"name":"Shaded","section":"Shading Mode"},"sceneLighting":false,"audioPlay":false,"sceneViewState":{"showFog":true,"showMaterialUpdate":false,"showSkybox":false,"showFlares":true,"showImageEffects":true,"showParticleSystems":true,"showVisualEffectGraphs":true,"m_FxEnabled":true},"in2DMode":false,"pivot":{"x":24.544095993041993,"y":-21.920034408569337,"z":2.6455650329589845},"rotation":{"x":0.35923054814338686,"y":0.09217292070388794,"z":-0.0357043594121933,"w":0.9280866980552673},"size":34.244239807128909,"orthographic":false}